{
  "total_runs": 30,
  "successful_runs": 30,
  "failed_runs": 0,
  "success_rate": 1.0,
  "models": {
    "qwen3:32b": {
      "M_AUTO_01_schema_compliance": {
        "mean": 0.9666666666666667,
        "min": 0.5,
        "max": 1.0,
        "count": 30,
        "std": 0.1268540658512312,
        "ci95_low": 0.9192985800051008,
        "ci95_high": 1.0140347533282326
      },
      "M_AUTO_02_archetype_consistency": {
        "mean": 0.7518518518518518,
        "min": 0.1111111111111111,
        "max": 1.0,
        "count": 30,
        "std": 0.21379287457015905,
        "ci95_low": 0.6720202804921996,
        "ci95_high": 0.8316834232115039
      },
      "M_AUTO_03_role_sequence_valid": {
        "mean": 0.9333333333333333,
        "min": 0.0,
        "max": 1.0,
        "count": 30,
        "std": 0.2537081317024624,
        "ci95_low": 0.8385971600102016,
        "ci95_high": 1.0280695066564651
      },
      "M_AUTO_04_story_thread_presence": {
        "mean": 0.7055555555555556,
        "min": 0.3333333333333333,
        "max": 1.0,
        "count": 30,
        "std": 0.23846304376974978,
        "ci95_low": 0.6165119916219156,
        "ci95_high": 0.7945991194891956
      },
      "M_AUTO_05_red_flag_score": {
        "mean": 0.7699999999999999,
        "min": 0.55,
        "max": 1.0,
        "count": 30,
        "std": 0.12289608730900292,
        "ci95_low": 0.7241098468152589,
        "ci95_high": 0.8158901531847409
      },
      "M_AUTO_06_prompt_length_valid": {
        "mean": 0.9808333333333333,
        "min": 0.75,
        "max": 1.0,
        "count": 30,
        "std": 0.06422056998497758,
        "ci95_low": 0.9568529783948396,
        "ci95_high": 1.004813688271827
      },
      "M_AUTO_07_archetype_lexical_fit": {
        "mean": 0.34066471163245354,
        "min": 0.06451612903225806,
        "max": 0.6967741935483871,
        "count": 30,
        "std": 0.17209805814569726,
        "ci95_low": 0.2764022405966979,
        "ci95_high": 0.4049271826682092
      },
      "M_AUTO_10_marine_vocabulary_ratio": {
        "mean": 0.6754606035499042,
        "min": 0.5079487179487179,
        "max": 0.7452830188679245,
        "count": 30,
        "std": 0.086508282748638,
        "ci95_low": 0.6431578798911579,
        "ci95_high": 0.7077633272086505
      },
      "M_AUTO_08_cross_scene_coherence": {
        "mean": 0.10413162234036318,
        "min": 0.05668379414403393,
        "max": 0.16707367026607747,
        "count": 30,
        "std": 0.0299617290565012,
        "ci95_low": 0.09294372884278215,
        "ci95_high": 0.1153195158379442
      },
      "M_AUTO_09_prompt_specificity": {
        "mean": 0.7011111111111111,
        "min": 0.0,
        "max": 1.0,
        "count": 30,
        "std": 0.3210654357736617,
        "ci95_low": 0.5812233070923123,
        "ci95_high": 0.82099891512991
      },
      "M_AUTO_11_score_narrative_coherence": {
        "mean": 0.5465835978835979,
        "min": 0.19444444444444445,
        "max": 0.7559206349206349,
        "count": 30,
        "std": 0.11601577837303687,
        "ci95_low": 0.5032625942783383,
        "ci95_high": 0.5899046014888575
      },
      "M_AUTO_12_llm_judge_quality": {
        "mean": 0.9966666666666666,
        "min": 0.95,
        "max": 1.0,
        "count": 30,
        "std": 0.012685406585123134,
        "ci95_low": 0.99192985800051,
        "ci95_high": 1.0014034753328231
      },
      "M_AUTO_13_pacing_progression": {
        "mean": 0.9425777777777778,
        "min": 0.7177777777777778,
        "max": 1.0,
        "count": 30,
        "std": 0.07969190567250084,
        "ci95_low": 0.9128203311497184,
        "ci95_high": 0.9723352244058373
      },
      "aggregate_score": {
        "mean": 0.724264371669432,
        "min": 0.4544522898027783,
        "max": 0.8305094387368317,
        "count": 30,
        "std": 0.0777204573767314,
        "ci95_low": 0.6952430759333141,
        "ci95_high": 0.7532856674055499
      }
    }
  },
  "by_archetype": {
    "lover": {
      "M_AUTO_01_schema_compliance": {
        "mean": 1.0,
        "min": 1.0,
        "max": 1.0,
        "count": 10,
        "std": 0.0,
        "ci95_low": 1.0,
        "ci95_high": 1.0
      },
      "M_AUTO_02_archetype_consistency": {
        "mean": 0.8333333333333334,
        "min": 0.5555555555555555,
        "max": 1.0,
        "count": 10,
        "std": 0.13094570021973104,
        "ci95_low": 0.7396604223739844,
        "ci95_high": 0.9270062442926823
      },
      "M_AUTO_03_role_sequence_valid": {
        "mean": 1.0,
        "min": 1.0,
        "max": 1.0,
        "count": 10,
        "std": 0.0,
        "ci95_low": 1.0,
        "ci95_high": 1.0
      },
      "M_AUTO_04_story_thread_presence": {
        "mean": 0.8,
        "min": 0.6666666666666666,
        "max": 1.0,
        "count": 10,
        "std": 0.1721325931647741,
        "ci95_low": 0.6768637607369401,
        "ci95_high": 0.92313623926306
      },
      "M_AUTO_05_red_flag_score": {
        "mean": 0.775,
        "min": 0.55,
        "max": 1.0,
        "count": 10,
        "std": 0.12747548783981963,
        "ci95_low": 0.6838095294318056,
        "ci95_high": 0.8661904705681944
      },
      "M_AUTO_06_prompt_length_valid": {
        "mean": 0.9925,
        "min": 0.925,
        "max": 1.0,
        "count": 10,
        "std": 0.02371708245126283,
        "ci95_low": 0.9755338212790136,
        "ci95_high": 1.0094661787209867
      },
      "M_AUTO_07_archetype_lexical_fit": {
        "mean": 0.5012903225806451,
        "min": 0.2903225806451613,
        "max": 0.6967741935483871,
        "count": 10,
        "std": 0.10735685481977852,
        "ci95_low": 0.42449185508202647,
        "ci95_high": 0.5780887900792637
      },
      "M_AUTO_10_marine_vocabulary_ratio": {
        "mean": 0.7039235918370086,
        "min": 0.5114285714285713,
        "max": 0.7452830188679245,
        "count": 10,
        "std": 0.07216071797927737,
        "ci95_low": 0.652302923890731,
        "ci95_high": 0.7555442597832862
      },
      "M_AUTO_08_cross_scene_coherence": {
        "mean": 0.1068293968900278,
        "min": 0.06725146198830409,
        "max": 0.16707367026607747,
        "count": 10,
        "std": 0.032876823233174784,
        "ci95_low": 0.08331073434379942,
        "ci95_high": 0.13034805943625616
      },
      "M_AUTO_09_prompt_specificity": {
        "mean": 0.915,
        "min": 0.6666666666666666,
        "max": 1.0,
        "count": 10,
        "std": 0.11123604087760161,
        "ci95_low": 0.8354265299653726,
        "ci95_high": 0.9945734700346275
      },
      "M_AUTO_11_score_narrative_coherence": {
        "mean": 0.5619444444444445,
        "min": 0.4470952380952381,
        "max": 0.7476666666666667,
        "count": 10,
        "std": 0.08881665124999151,
        "ci95_low": 0.498408839607575,
        "ci95_high": 0.625480049281314
      },
      "M_AUTO_12_llm_judge_quality": {
        "mean": 0.9949999999999999,
        "min": 0.95,
        "max": 1.0,
        "count": 10,
        "std": 0.01581138830084191,
        "ci95_low": 0.9836892141860089,
        "ci95_high": 1.006310785813991
      },
      "M_AUTO_13_pacing_progression": {
        "mean": 0.9405333333333333,
        "min": 0.7933333333333333,
        "max": 1.0,
        "count": 10,
        "std": 0.07641480907041182,
        "ci95_low": 0.8858694719463844,
        "ci95_high": 0.9951971947202822
      },
      "aggregate_score": {
        "mean": 0.7788734171091379,
        "min": 0.7459901997218465,
        "max": 0.8080759047646968,
        "count": 10,
        "std": 0.01726751988710375,
        "ci95_low": 0.7665209775089125,
        "ci95_high": 0.7912258567093634
      }
    },
    "rebel": {
      "M_AUTO_01_schema_compliance": {
        "mean": 0.95,
        "min": 0.5,
        "max": 1.0,
        "count": 10,
        "std": 0.15811388300841897,
        "ci95_low": 0.8368921418600898,