{
  "total_runs": 30,
  "successful_runs": 30,
  "failed_runs": 0,
  "success_rate": 1.0,
  "models": {
    "llama3.3:70b": {
      "M_AUTO_01_schema_compliance": {
        "mean": 1.0,
        "min": 1.0,
        "max": 1.0,
        "count": 30,
        "std": 0.0,
        "ci95_low": 1.0,
        "ci95_high": 1.0
      },
      "M_AUTO_02_archetype_consistency": {
        "mean": 0.7703703703703704,
        "min": 0.1111111111111111,
        "max": 1.0,
        "count": 30,
        "std": 0.28280257301334055,
        "ci95_low": 0.6647701541162083,
        "ci95_high": 0.8759705866245324
      },
      "M_AUTO_03_role_sequence_valid": {
        "mean": 1.0,
        "min": 1.0,
        "max": 1.0,
        "count": 30,
        "std": 0.0,
        "ci95_low": 1.0,
        "ci95_high": 1.0
      },
      "M_AUTO_04_story_thread_presence": {
        "mean": 0.711111111111111,
        "min": 0.0,
        "max": 1.0,
        "count": 30,
        "std": 0.32143515977760057,
        "ci95_low": 0.5910852498803346,
        "ci95_high": 0.8311369723418874
      },
      "M_AUTO_05_red_flag_score": {
        "mean": 0.8350000000000001,
        "min": 0.4,
        "max": 1.0,
        "count": 30,
        "std": 0.12672941579438535,
        "ci95_low": 0.7876784584346077,
        "ci95_high": 0.8823215415653924
      },
      "M_AUTO_06_prompt_length_valid": {
        "mean": 0.9975,
        "min": 0.925,
        "max": 1.0,
        "count": 30,
        "std": 0.013693063937629145,
        "ci95_low": 0.9923869258946683,
        "ci95_high": 1.0026130741053318
      },
      "M_AUTO_07_archetype_lexical_fit": {
        "mean": 0.3986379928315412,
        "min": 0.06451612903225806,
        "max": 0.8129032258064516,
        "count": 30,
        "std": 0.19037336783662748,
        "ci95_low": 0.3275514090060374,
        "ci95_high": 0.46972457665704503
      },
      "M_AUTO_10_marine_vocabulary_ratio": {
        "mean": 0.7108401649601478,
        "min": 0.5833009708737863,
        "max": 0.7439024390243902,
        "count": 30,
        "std": 0.04845379946663131,
        "ci95_low": 0.6927472188900613,
        "ci95_high": 0.7289331110302343
      },
      "M_AUTO_08_cross_scene_coherence": {
        "mean": 0.14034416304621986,
        "min": 0.059626259221810286,
        "max": 0.23309271373787502,
        "count": 30,
        "std": 0.03873909973548704,
        "ci95_low": 0.1258787454725049,
        "ci95_high": 0.1548095806199348
      },
      "M_AUTO_09_prompt_specificity": {
        "mean": 0.6916666666666667,
        "min": 0.2,
        "max": 1.0,
        "count": 30,
        "std": 0.25527950274370403,
        "ci95_low": 0.5963437337536114,
        "ci95_high": 0.7869895995797219
      },
      "M_AUTO_11_score_narrative_coherence": {
        "mean": 0.5680400352733685,
        "min": 0.28544973544973545,
        "max": 0.7686767676767676,
        "count": 30,
        "std": 0.12195529782470678,
        "ci95_low": 0.5225011786554613,
        "ci95_high": 0.6135788918912758
      },
      "M_AUTO_12_llm_judge_quality": {
        "mean": 0.9583333333333334,
        "min": 0.75,
        "max": 1.0,
        "count": 30,
        "std": 0.09476225544736293,
        "ci95_low": 0.9229485256162494,
        "ci95_high": 0.9937181410504173
      },
      "M_AUTO_13_pacing_progression": {
        "mean": 0.8881142857142857,
        "min": 0.5933333333333333,
        "max": 1.0,
        "count": 30,
        "std": 0.13728826891373927,
        "ci95_low": 0.8368500035969992,
        "ci95_high": 0.9393785678315723
      },
      "aggregate_score": {
        "mean": 0.7438429325620802,
        "min": 0.6124529084848697,
        "max": 0.841757529405881,
        "count": 30,
        "std": 0.0801769094262435,
        "ci95_low": 0.7139043825560225,
        "ci95_high": 0.773781482568138
      }
    }
  },
  "by_archetype": {
    "lover": {
      "M_AUTO_01_schema_compliance": {
        "mean": 1.0,
        "min": 1.0,
        "max": 1.0,
        "count": 10,
        "std": 0.0,
        "ci95_low": 1.0,
        "ci95_high": 1.0
      },
      "M_AUTO_02_archetype_consistency": {
        "mean": 0.888888888888889,
        "min": 0.6666666666666666,
        "max": 1.0,
        "count": 10,
        "std": 0.15713484026367724,
        "ci95_low": 0.7764813957376702,
        "ci95_high": 1.0012963820401077
      },
      "M_AUTO_03_role_sequence_valid": {
        "mean": 1.0,
        "min": 1.0,
        "max": 1.0,
        "count": 10,
        "std": 0.0,
        "ci95_low": 1.0,
        "ci95_high": 1.0
      },
      "M_AUTO_04_story_thread_presence": {
        "mean": 0.9,
        "min": 0.6666666666666666,
        "max": 1.0,
        "count": 10,
        "std": 0.16101529717988267,
        "ci95_low": 0.7848165951954521,
        "ci95_high": 1.015183404804548
      },
      "M_AUTO_05_red_flag_score": {
        "mean": 0.835,
        "min": 0.7,
        "max": 1.0,
        "count": 10,
        "std": 0.13133925536563698,
        "ci95_low": 0.7410455566491468,
        "ci95_high": 0.9289544433508531
      },
      "M_AUTO_06_prompt_length_valid": {
        "mean": 0.9925,
        "min": 0.925,
        "max": 1.0,
        "count": 10,
        "std": 0.02371708245126283,
        "ci95_low": 0.9755338212790136,
        "ci95_high": 1.0094661787209867
      },
      "M_AUTO_07_archetype_lexical_fit": {
        "mean": 0.5354838709677419,
        "min": 0.3548387096774194,
        "max": 0.8129032258064516,
        "count": 10,
        "std": 0.13560329264889845,
        "ci95_low": 0.4384791190989913,
        "ci95_high": 0.6324886228364924
      },
      "M_AUTO_10_marine_vocabulary_ratio": {
        "mean": 0.7027927915232025,
        "min": 0.5892682926829268,
        "max": 0.7371428571428571,
        "count": 10,
        "std": 0.05087252222985309,
        "ci95_low": 0.6664007814219309,
        "ci95_high": 0.7391848016244741
      },
      "M_AUTO_08_cross_scene_coherence": {
        "mean": 0.1491302590902109,
        "min": 0.11480664144598572,
        "max": 0.20100732600732604,
        "count": 10,
        "std": 0.025722186583978894,
        "ci95_low": 0.13072971528069563,
        "ci95_high": 0.1675308028997262
      },
      "M_AUTO_09_prompt_specificity": {
        "mean": 0.7833333333333333,
        "min": 0.31666666666666665,
        "max": 1.0,
        "count": 10,
        "std": 0.20260647254233854,
        "ci95_low": 0.6383973940058156,
        "ci95_high": 0.928269272660851
      },
      "M_AUTO_11_score_narrative_coherence": {
        "mean": 0.5505884078884079,
        "min": 0.28544973544973545,
        "max": 0.6778571428571429,
        "count": 10,
        "std": 0.13671279885569884,
        "ci95_low": 0.4527899630924054,
        "ci95_high": 0.6483868526844104
      },
      "M_AUTO_12_llm_judge_quality": {
        "mean": 0.975,
        "min": 0.75,
        "max": 1.0,
        "count": 10,
        "std": 0.07905694150420949,
        "ci95_low": 0.9184460709300448,
        "ci95_high": 1.0315539290699551
      },
      "M_AUTO_13_pacing_progression": {
        "mean": 0.9371555555555556,
        "min": 0.8111111111111111,
        "max": 1.0,
        "count": 10,
        "std": 0.06341405295739151,
        "ci95_low": 0.8917918748368961,
        "ci95_high": 0.9825192362742151
      },
      "aggregate_score": {
        "mean": 0.7884517774805647,
        "min": 0.7338935093029385,
        "max": 0.8361642669457285,
        "count": 10,
        "std": 0.03934327534879175,
        "ci95_low": 0.7603072937563011,
        "ci95_high": 0.8165962612048283
      }
    },
    "rebel": {
      "M_AUTO_01_schema_compliance": {
        "mean": 1.0,
        "min": 1.0,
        "max": 1.0,
        "count": 10,
        "std": 0.0,
        "ci95_low": 1.0,
        "ci95_high": 1.0
      },
      "M_AUTO_02_archetype_consistency": {
        "mean": 0.4333333333333333,
        "min": 0.1111111111111111,
        "max": 0.6666666666666666,