{
  "total_runs": 30,
  "successful_runs": 30,
  "failed_runs": 0,
  "success_rate": 1.0,
  "models": {
    "llama3.3:70b": {
      "M_AUTO_01_schema_compliance": {
        "mean": 1.0,
        "min": 1.0,
        "max": 1.0,
        "count": 30,
        "std": 0.0,
        "ci95_low": 1.0,
        "ci95_high": 1.0
      },
      "M_AUTO_02_archetype_consistency": {
        "mean": 0.7259259259259259,
        "min": 0.2222222222222222,
        "max": 1.0,
        "count": 30,
        "std": 0.24713485189668247,
        "ci95_low": 0.6336442556209004,
        "ci95_high": 0.8182075962309513
      },
      "M_AUTO_03_role_sequence_valid": {
        "mean": 1.0,
        "min": 1.0,
        "max": 1.0,
        "count": 30,
        "std": 0.0,
        "ci95_low": 1.0,
        "ci95_high": 1.0
      },
      "M_AUTO_04_story_thread_presence": {
        "mean": 0.7722222222222223,
        "min": 0.0,
        "max": 1.0,
        "count": 30,
        "std": 0.31098451173483344,
        "ci95_low": 0.656098697103714,
        "ci95_high": 0.8883457473407305
      },
      "M_AUTO_05_red_flag_score": {
        "mean": 0.83,
        "min": 0.55,
        "max": 1.0,
        "count": 30,
        "std": 0.11641187283920415,
        "ci95_low": 0.7865310922903376,
        "ci95_high": 0.8734689077096623
      },
      "M_AUTO_06_prompt_length_valid": {
        "mean": 0.9975,
        "min": 0.925,
        "max": 1.0,
        "count": 30,
        "std": 0.013693063937629145,
        "ci95_low": 0.9923869258946683,
        "ci95_high": 1.0026130741053318
      },
      "M_AUTO_07_archetype_lexical_fit": {
        "mean": 0.45826653633105247,
        "min": 0.22580645161290322,
        "max": 0.6967741935483871,
        "count": 30,
        "std": 0.14574202980785989,
        "ci95_low": 0.40384556801721566,
        "ci95_high": 0.5126875046448893
      },
      "M_AUTO_10_marine_vocabulary_ratio": {
        "mean": 0.7205090584324433,
        "min": 0.5816216216216216,
        "max": 0.7444444444444444,
        "count": 30,
        "std": 0.04050250308651027,
        "ci95_low": 0.7053851752258764,
        "ci95_high": 0.7356329416390102
      },
      "M_AUTO_08_cross_scene_coherence": {
        "mean": 0.13713100087236782,
        "min": 0.07281577790339804,
        "max": 0.2451230443285528,
        "count": 30,
        "std": 0.038540720647501185,
        "ci95_low": 0.12273965926751126,
        "ci95_high": 0.15152234247722438
      },
      "M_AUTO_09_prompt_specificity": {
        "mean": 0.5416666666666666,
        "min": 0.033333333333333326,
        "max": 1.0,
        "count": 30,
        "std": 0.28283424603107976,
        "ci95_low": 0.43605462351331115,
        "ci95_high": 0.6472787098200221
      },
      "M_AUTO_11_score_narrative_coherence": {
        "mean": 0.6609024851691518,
        "min": 0.41000000000000003,
        "max": 0.9274074074074075,
        "count": 30,
        "std": 0.10952947477209966,
        "ci95_low": 0.6200035071333583,
        "ci95_high": 0.7018014632049454
      },
      "M_AUTO_12_llm_judge_quality": {
        "mean": 0.9666666666666667,
        "min": 0.75,
        "max": 1.0,
        "count": 30,
        "std": 0.0864364759104401,
        "ci95_low": 0.9343907561219646,
        "ci95_high": 0.9989425772113687
      },
      "M_AUTO_13_pacing_progression": {
        "mean": 0.9228592592592594,
        "min": 0.6339682539682541,
        "max": 1.0,
        "count": 30,
        "std": 0.08836835071648393,
        "ci95_low": 0.8898619748065323,
        "ci95_high": 0.9558565437119865
      },
      "aggregate_score": {
        "mean": 0.7487422939650581,
        "min": 0.6162428018235305,
        "max": 0.8454796969412354,
        "count": 30,
        "std": 0.05605618876748131,
        "ci95_low": 0.72781056907601,
        "ci95_high": 0.7696740188541061
      }
    }
  },
  "by_archetype": {
    "lover": {
      "M_AUTO_01_schema_compliance": {
        "mean": 1.0,
        "min": 1.0,
        "max": 1.0,
        "count": 10,
        "std": 0.0,
        "ci95_low": 1.0,
        "ci95_high": 1.0
      },
      "M_AUTO_02_archetype_consistency": {
        "mean": 0.8222222222222222,
        "min": 0.5555555555555555,
        "max": 1.0,
        "count": 10,
        "std": 0.18294946718856994,
        "ci95_low": 0.6913480574252252,
        "ci95_high": 0.9530963870192192
      },
      "M_AUTO_03_role_sequence_valid": {
        "mean": 1.0,
        "min": 1.0,
        "max": 1.0,
        "count": 10,
        "std": 0.0,
        "ci95_low": 1.0,
        "ci95_high": 1.0
      },
      "M_AUTO_04_story_thread_presence": {
        "mean": 0.8666666666666666,
        "min": 0.6666666666666666,
        "max": 1.0,
        "count": 10,
        "std": 0.1721325931647741,
        "ci95_low": 0.7435304274036066,
        "ci95_high": 0.9898029059297265
      },
      "M_AUTO_05_red_flag_score": {
        "mean": 0.8049999999999999,
        "min": 0.7,
        "max": 1.0,
        "count": 10,
        "std": 0.10124228365658294,
        "ci95_low": 0.7325756332100224,
        "ci95_high": 0.8774243667899775
      },
      "M_AUTO_06_prompt_length_valid": {
        "mean": 1.0,
        "min": 1.0,
        "max": 1.0,
        "count": 10,
        "std": 0.0,
        "ci95_low": 1.0,
        "ci95_high": 1.0
      },
      "M_AUTO_07_archetype_lexical_fit": {
        "mean": 0.5303225806451612,
        "min": 0.2903225806451613,
        "max": 0.6967741935483871,
        "count": 10,
        "std": 0.15528013541091334,
        "ci95_low": 0.41924186341890446,
        "ci95_high": 0.641403297871418
      },
      "M_AUTO_10_marine_vocabulary_ratio": {
        "mean": 0.7016407610534234,
        "min": 0.5816216216216216,
        "max": 0.740625,
        "count": 10,
        "std": 0.06238608302869381,
        "ci95_low": 0.657012445722388,
        "ci95_high": 0.7462690763844588
      },
      "M_AUTO_08_cross_scene_coherence": {
        "mean": 0.1461572558917353,
        "min": 0.10319951432483403,
        "max": 0.2451230443285528,
        "count": 10,
        "std": 0.04329648182546799,
        "ci95_low": 0.11518481861365341,
        "ci95_high": 0.1771296931698172
      },
      "M_AUTO_09_prompt_specificity": {
        "mean": 0.5666666666666667,
        "min": 0.2333333333333333,
        "max": 0.8166666666666667,
        "count": 10,
        "std": 0.16480441082434807,
        "ci95_low": 0.4487726932490427,
        "ci95_high": 0.6845606400842906
      },
      "M_AUTO_11_score_narrative_coherence": {
        "mean": 0.6217148148148148,
        "min": 0.5263333333333333,
        "max": 0.7339100529100528,
        "count": 10,
        "std": 0.06290892268114497,
        "ci95_low": 0.5767124825276831,
        "ci95_high": 0.6667171471019465
      },
      "M_AUTO_12_llm_judge_quality": {
        "mean": 1.0,
        "min": 1.0,
        "max": 1.0,
        "count": 10,
        "std": 0.0,
        "ci95_low": 1.0,
        "ci95_high": 1.0
      },
      "M_AUTO_13_pacing_progression": {
        "mean": 0.9164634920634921,
        "min": 0.7958730158730158,
        "max": 0.9893333333333334,
        "count": 10,
        "std": 0.0680480980380381,
        "ci95_low": 0.8677848151938127,
        "ci95_high": 0.9651421689331715
      },
      "aggregate_score": {
        "mean": 0.7674503430787833,
        "min": 0.7313002487185456,
        "max": 0.8042686209475326,
        "count": 10,
        "std": 0.026390635344913576,
        "ci95_low": 0.748571619831846,
        "ci95_high": 0.7863290663257207
      }
    },
    "rebel": {
      "M_AUTO_01_schema_compliance": {
        "mean": 1.0,
        "min": 1.0,
        "max": 1.0,
        "count": 10,
        "std": 0.0,
        "ci95_low": 1.0,
        "ci95_high": 1.0
      },
      "M_AUTO_02_archetype_consistency": {
        "mean": 0.45555555555555555,
        "min": 0.2222222222222222,
        "max": 0.6666666666666666,
        "count": 10,
        "std": 0.1522578132673664,